4dpARuHxo51G3z768sgnrY	
66CXWjxzNUsdJxJ2JdwvnR	0c173mlxpT3dSFRgMO8XPh, 4iHNK0tOyZPYnBU7nGAgpQ, 0hCNtLu0JehylgoiP8L4Gh, 2gsggkzM5R49q6jpPvazou, 2RdwBSPQiwcmiDo9kixcl8, 5dHt1vcEm9qb8fCyLcB3HL, 1Xyo4u8uXC1ZmMpatF05PJ, 4ylR3zwA0zaapAu94fktwa, 1vyhD5VmyZ7KMfW5gqLgo5, 2LZDXcxJWgsJfKXZv9a5eG, 3ZlizIQAjUYfvDpcK4CYK3, 5MmVJVhhYKQ86izuGHzJYA, 5cj0lLjcoR7YOSnhnX0Po5, 4LLpKhyESsyAXpc4laK94U, 2Rf4X6m0oayCJhaJ5K63GQ, 3WGpXCj9YhhfX11TToZcXP, 2wIVse2owClT7go1WT98tk, 181bsRPaVXVlUKXrxwZfHK, 1RyvyyTE3xzB2ZywiAwp0i, 2qxJFvFYMEDqd7ui6kSAcq, 7c0XG5cIJTrrAgEC3ULPiq, 73sIBHcqh3Z3NyqHKZ7FOL, 5yG7ZAZafVaAlMTeBybKAL, 55Aa2cqylxrFIXC767Z865
13ubrt8QOOCPljQ2FL1Kca	6ZhjJOJXXwnPS8PrXdmjLw, 46SHBwWsqBkxI7EeeBEQG7, 3hv9jJF3adDNsBSIQDqcjp, 3jdktm1PgLu9u3tS1YUKrW, 5I81SUgzZ0g7dWkWKDc4QY, 0CKa42Jqrc9fSFbDjePaXP, 5ooSG9S0glqP5ZrqqaHBvT, 7aA592KWirLsnfb5ulGWvU, 5K4W6rqBFWDnAN6FQUkS6x, 3TVXtAsR1Inumwj472S9r4, 0fA0VVWsXO9YnASrzqfmYu, 0Mz5XE0kb1GBnbLQm2VbcO, 4jzvaIdQqLBp0wW2ZYkFAu, 3OsRAKCvk37zwYcnzRf5XF, 17lzZA2AlOHwCwFALHttmp, 3N71zVVdCs6uCgk8w31v26, 0QJIPDAEDILuo8AIq3pMuU, 6vXTefBL93Dj5IqAWq6OTv, 5dHt1vcEm9qb8fCyLcB3HL, 2h93pZq0e7k5yf4dywlkpM, 39UC1BVSXxSVUChpBSftIW, 0k7Xl1pqI3tu8sSEjo5oEg, 6nB0iY1cjSY1KyhYyuIIKH, 5gCRApTajqwbnHHPbr2Fpi, 0tPjSrb43a58uznKru1k2P, 7BMccF0hQFBpP6417k1OtQ, 1uLYUm2A6kpFYAECfAFoH1, 2P5sC9cVZDToPxyomzF1UH, 5IcR3N7QB1j6KBL8eImZ8m, 45a6gCQWq61lIUDmr1tKuO, 5he5w2lnU9x7JFhnwcekXX, 0IROOdQ2fQUcoaEPqt1Isg, 1wgSZX1emWA4eS3vT1rgFA, 2YZyLoL8N0Wb9xBt1NhZWg, 1RyvyyTE3xzB2ZywiAwp0i, 2p1fiYHYiXz9qi0JJyxBzN, 4e7qJTThm5uI3CplqZObfT, 4OBJLual30L7gRl5UkeRcT, 68DWke2VjdDmA75aJX5C57, 6yR6M6V6I7GhhYf6A7Wif9, 2y8Jo9CKhJvtfeKOsYzRdT, 2Dbnk0YRTPpKu46XzMf9nu, 5XJdV8h0NLbf3CZdfwX3lg, 5v2WhpA59TJSdPh7LCx1lN, 7cvtOrIEaUrqbGmYA9Kj34, 6Jrxnp0JgqmeUX1veU591p, 360IAlyVv4PCEVjgyMZrxK, 0uzlfGNw35ha8bszBDhKy7, 55Aa2cqylxrFIXC767Z865
06HL4z0CvFAxyc27GXpf02	20JZFwl6HVl6yg8a4H3ZqK, 6eYFryfcEu3QSq59D62wZQ, 2cCUtGK9sDU2EoElnk0GNB, 4YLtscXsxbVgi031ovDDdh, 3fCQnw6VSudXBTN5d2QP2z, 246dkjvS1zLTtiykXe5h60, 5ZsFI1h6hIdQRw2ti0hz81, 25IG9fa7cbdmCIy3OnuH57, 4LEiUm1SRbFMgfqnQTwUbQ, 0hYxQe3AK5jBPCr5MumLHD, 6WY7D3jk8zTrHtmkqqo5GI, 00FQb4jTyendYWaN8pK0wa, 1r1uxoy19fzMxunt3ONAkG, 3LZZPxNDGDFVSIPqf4JuEf, 4UXqAaa6dQYAk18Lv7PEgX, 6Rx1JKzBrSzoKQtmbVmBnM, 4Ui2kfOqGujY81UcPrb5KE, 2YZyLoL8N0Wb9xBt1NhZWg, 1RyvyyTE3xzB2ZywiAwp0i, 0u2FHSq3ln94y5Q57xazwf, 1moxjboGR7GNWYIMWsRjgG, 6aZyMrc4doVtZyKNilOmwu, 6eUKZXaKkcviH0Ku9w2n3V
7Ln80lUS6He07XvHI8qqHH	
64tNsm6TnZe2zpcMVMOoHL	
2R21vXR83lH98kGeO99Y66	7qYeIN2r4H1kBvr0Gm9Iav, 12vb80Km0Ew53ABfJOepVz, 7qG3b048QCHVRO5Pv1T5lw, 46SHBwWsqBkxI7EeeBEQG7, 7y5vacxuCM2lyUEEPnQcwd, 790FomKkXshlbRYZFtlgla, 12lHTAdc9T204lw5qPtasv, 4VMYDCV2IEDYJArk749S6m, 4aSlfXDn9R60UlbZEboBUy, 7iK8PXO48WeuP03g8YR51W, 4IMAo2UQchVFyPH24PAjUs, 1i8SpTcr7yvPOmcqrbnVXY, 3E6xrwgnVfYCrCs0ePERDz, 4r63FhuTkUYltbVAg5TQnk, 3EiLUeyEcA6fbRPSHkG5kb, 4ncaw2cfA3Wlly1tBD2eWt, 0Q8NcsJwoCbZOHHW63su5S, 1vyhD5VmyZ7KMfW5gqLgo5, 0eHQ9o50hj6ZDNBt6Ys1sD, 0KKUc4amZyvswV2YL6WTar, 3SUT1jjM5hzZj9TLfLZGIP, 1WMwuNKzEFtU6pPkdtryYS, 1pgDilWYDWLoOgGjf1iHNu, 5XJDexmWFLWOkjOEjOVX3e, 1Cs0zKBU1kc0i8ypK3B9ai, 4exLIFE8sISLr28sqG1qNX, 329e4yvIujISKGKz1BZZbO, 6w9ToX5slZ4uIdmD17hJ3c, 3hcs9uc56yIGFCSy9leWe7, 4q3ewBCX7sLwd24euuV69X, 6nVcHLIgY5pE2YCl8ubca1, 1SupJlEpv7RS2tPNRaHViT, 1ZbuFVK9SeRYrZfQLkNzah, 55Aa2cqylxrFIXC767Z865
0LcJLqbBmaGUft1e9Mm8HV	0kV0e99xlTJcLKSu8KrLyp, 2lVPicgpjjlbROFIzwGm8V
6s22t5Y3prQHyaHWUN1R1C	7zHhscQ9kdR9fNGAffWz6z, 4LAz9VRX8Nat9kvIzgkg2v
711MCceyCBcFnzjGY4Q7Un	
6lcwlkAjBPSKnFBZjjZFJs	
31W5EY0aAly4Qieq6OFu6I	5LHRHt1k9lMyONurDHEdrp, 3IewpOpF8O36J6hLNjGMx8, 46SHBwWsqBkxI7EeeBEQG7, 2o9hRZ3xI27UQpHT61A4Mm, 1URnnhqYAYcrqrcwql10ft, 3nViOFa3kZW8OMSNOzwr98, 2R0CFyeMDiRbfkhkIMbyl1, 6RTLnOk36W68I78qjRi0XB, 6LuN9FCkKOj5PcnpouEgny, 6XFITTl7cFTdopDY3lUdlY, 57LYzLEk2LcFghVwuWbcuS, 7rkW85dBwwrJtlHRDkJDAC, 4r63FhuTkUYltbVAg5TQnk, 2hlmm7s2ICUX0LVIhVFlZQ, 5TM9R6dNoJSMq23yZQD6Ee, 4IprNlQiJZUUJhDl0fL2SL, 5QdEbQJ3ylBnc3gsIASAT5, 0ZrpamOxcZybMHGg1AYtHP, 3Y7RZ31TRPVadSFVy1o8os, 5Nf5yishRW9Ye174sJISkg, 4O15NlyKLIASxsJ0PrXPfz, 5KKpBU5eC2tJDzf0wmlRp2, 757aE44tKEUQEqRuT6GnEB, 7HO5fOXE4gh3lzZn64tX2E, 7gZfnEnfiaHzxARJ2LeXrf, 4DdkRBBYG6Yk9Ka8tdJ9BW, 2LIAgeQ5NZurwixfoG3CWZ, 0SNzlwOGBLhCMZPN2ZKzna, 7bXgB6jMjp9ATFy66eO08Z, 3KedxarmBCyFBevnqQHy3P, 4MCBfE4596Uoi2O4DtmEMz, 0Y3agQaa6g2r0YmHPOO9rh, 2iojnBLj0qIMiKPvVhLnsH, 1RyvyyTE3xzB2ZywiAwp0i, 3hcs9uc56yIGFCSy9leWe7, 2jku7tDXc6XoB6MO2hFuqg, 6JvU33PZ8MtZyeFTESr09O, 7wlFDEWiM5OoIAt8RSli8b, 50co4Is1HCEo8bhOyUWKpn, 21WS9wngs9AqFckK7yYJPM, 7sP4SQ0WY6jfps1I19Ot7i
26VFTg2z8YR0cCuwLzESi2	4MCBfE4596Uoi2O4DtmEMz, 0ebNdVaOfp6N0oZ1guIxM8, 45eNHdiiabvmbp4erw26rg, 0c173mlxpT3dSFRgMO8XPh, 2LZDXcxJWgsJfKXZv9a5eG, 3Nrfpe0tUJi4K4DXYWgMUX, 64KEffDW9EtZ1y2vBYgq8T, 0VRj0yCOv2FXJNP47XQnx5, 6USv9qhCn6zfxlBQIYJ9qs, 6ogn9necmbUdCppmNnGOdi, 2ExGrw6XpbtUAJHTLtUXUD, 3J0BpFVUc9LeOIVeN5uNhU
4gvjmrtzydbMpyJaXUtwvP	
5lwmRuXgjX8xIwlnauTZIP	4DjY0CaKAejJgghVHTaOUy, 2wZmh2ddEInC5pzZ8O68lt, 3Ces1OJeGOVGcUB0wPaPXJ, 41ht6ftw02LB6mMDUg6Z65, 1LKPL2O3vA3ozNsmshDg3o, 06TVTkMAOR935MhkjX0i2A, 23MPAWNQLgjmhquLiZ6tWg, 13tsmNbDpdsMGm0kMOeZLC, 3JfbHWZ07sSBjbojTU2hAt, 5g5BNIj2twETHdLV4VAH6M, 3rs3EOlJ8jyPpdGiQ9Mhub, 4mvu66sVKGUyy0cRrpMbvW, 4VMYDCV2IEDYJArk749S6m, 0hCNtLu0JehylgoiP8L4Gh, 5rvaaWutd0gsbc2iMNo9k5, 0XwVARXT135rw8lyw1EeWP, 1qto4hHid1P71emI6Fd8xi, 0TnOYISbd1XYRBk9myaseg, 3pbg6hZGMHg6G5TiuCh21K, 31TPClRtHm23RisEBtV3X7, 1i8SpTcr7yvPOmcqrbnVXY, 4etuCZVdP8yiNPn4xf0ie5, 3TVXtAsR1Inumwj472S9r4, 2ElpWA67jmhM6LrDav4Jcy, 17sTI0lxVn47ba4KUV488T, 23zg3TcAtWQy7J6upgbUnj, 1wZtkThiXbVNtj6hee6dz9, 7tLRDdqaS3HlX9cLbpY3Hl, 0tJDMMp9vT1q6zrPih0yFQ, 2uYEU8bUQQ77Bk9HJJwxqx, 0UTsdD7VIsEB9i7a6DDx5t, 4wLXwxDeWQ8mtUIRPxGiD6, 66U02qGDesTqZImnLSiYeE, 4391zvuuIvVziLtsvq13Cu, 7ltDVBr6mKbRvohxheJ9h1, 2cADQgiLMjNhbsfeN52Bf3, 3nlpTZci9O5W8RsNoNH559, 3SUT1jjM5hzZj9TLfLZGIP, 6Mjbr8K3MiiRMqmFIB4zWq, 3GPTvhZ8XfH7WkHXidvELk, 1YYp1qwJ7EAitFINQ7gOKV, 6emrXi84Xjdb8YcEm82XEZ, 3wxFXeuHQEq4NubZunCIMe, 6sOhwBjVzpiEBAYEWYwDoX, 3KedxarmBCyFBevnqQHy3P, 4RnIr0AAau1SBJMbjJ9poC, 4vQV1LCGBdYAt5rIIPjSFZ, 1SupJlEpv7RS2tPNRaHViT, 0MsXN56oNCyqorqEPViWgQ, 55Aa2cqylxrFIXC767Z865
1qto4hHid1P71emI6Fd8xi	1seU2dut8PjGSZbgrPl7by, 3ipn9JLAPI5GUEo4y4jcoi, 06TVTkMAOR935MhkjX0i2A, 0MGQZNEMaEICyku3cSDrnJ, 7aBzpmFXB4WWpPl2F7RjBe, 0z4gvV4rjIZ9wHck67ucSV, 4TCAAIMmeZXCTVlHUsicOn, 33ScadVnbm2X8kkUqOkC6Z, 1wZtkThiXbVNtj6hee6dz9, 4TYRWhQvHvzRUZjn9NPPeY, 5zuev7VxsPla6O3aHoj5ut, 7i0Z1tzWVamskO8eLnZ3Kx, 6eBYLQONaYZhZNAVK061t6
2hlmm7s2ICUX0LVIhVFlZQ	1xr2G8Hlx4QWmT9HaUbmoO, 0c173mlxpT3dSFRgMO8XPh, 7DBeFeXHrHygx9GcJueqzB, 46SHBwWsqBkxI7EeeBEQG7, 2f6hqWBFjqS1EUHMS1JOFB, 3KNIG74xSTc3dj0TRy7pGX, 06Qf6vq8AVIpE9XIw8LAsY, 2WInxWtfee6mRhUQUmIRAH, 0iEtIxbK0KxaSlF7G42ZOp, 1URnnhqYAYcrqrcwql10ft, 14qypx78D3Jd1mm7c2BqQb, 5f7VJjfbwm532GiveGC0ZK, 6icQOAFXDZKsumw3YXyusw, 1cNDP5yjU5vjeR8qMf4grg, 0V2GQkZJjZOKTZTfss9CsD, 6AMd49uBDJfhf30Ak2QR5s, 4Gso3d4CscCijv0lmajZWs, 3TVXtAsR1Inumwj472S9r4, 5G0rFFvPHNS5lZ7abaxNXT, 3uJx5SnOM59Li7lCxA3b29, 0fA0VVWsXO9YnASrzqfmYu, 7rkW85dBwwrJtlHRDkJDAC, 0dvFTsuG02c4cRbcSQ8zE6, 4r63FhuTkUYltbVAg5TQnk, 2S4IY1ApijvgSCQzg3KhC0, 0DO5d7KMv6Gn1mIbDhlyUf, 0Y5tJX1MQlPlqiwlOH1tJY, 20sxb77xiYeusSH8cVdatc, 6LXRvV2OAtXF7685fzh3mj, 2cWZOOzeOm4WmBJRnD5R7I, 5QdEbQJ3ylBnc3gsIASAT5, 4YURkxOtE9WWvMcYrmsVRg, 3qnGvpP8Yth1AqSBMqON5x, 4O15NlyKLIASxsJ0PrXPfz, 757aE44tKEUQEqRuT6GnEB, 1FtBEIWAwvw5ymBen5GICR, 4DdkRBBYG6Yk9Ka8tdJ9BW, 7J0hrNYCO5DgAx0XaRJqkh, 2EnD37GNRe2REqHBKqMnZQ, 2RDOrhPqAM4jzTRCEb19qX, 1ZLO8d7zll1WeQJUHaxQer, 23mJPosA4Qmp8kc6IlWalb, 1RyvyyTE3xzB2ZywiAwp0i, 2p1fiYHYiXz9qi0JJyxBzN, 699OTQXzgjhIYAHMy9RyPD, 3hcs9uc56yIGFCSy9leWe7, 6AMa1VFQ7qCi61tCRtVWXe, 2z1ZZSBRCNYjOZmUcA3rSQ, 4wZOBRWPGTgU8GUFPeLmOi, 5PHYg0IcnpyZJ1y9euAx4i, 50co4Is1HCEo8bhOyUWKpn, 1bqJuNMz1iBqWo9B0BdIiM, 6RY7kT6PGGzAA3TG3s4Qmp, 7bXgB6jMjp9ATFy66eO08Z
0z4gvV4rjIZ9wHck67ucSV	4YUa2ZjtUsc9rITXblPpOr, 0dwx4Qli4ZKcdUP2yFljvZ, 7dGJo4pcD2V6oG8kP0tJRR, 3lL5mw1555BFtJXaI07uIy, 1EWdqCstl0YgU6TlWkoCY9, 7i0Z1tzWVamskO8eLnZ3Kx, 1A5W3vIrct237pEN1UfFqD, 4n7aqhk0RIdeWKkBxvhN72, 6VWF2yvImHN0qwgLPzeJm1, 4E4og4XSSjE9uVnhT3zzHW, 5ynvmGwc83ZoRx2EIWHXLX, 26W6sq5yZeIhzfO6d8g9NJ, 7LQLsKs1Qulq0BxYdhRnBU, 5p7gzQpgrQWEvRNFTS29l8, 4S4kD5NBlgaq4YLBQSEMyY, 0E4HZTP1Z1d4gOJmWrkZpe, 58wXmynHaAWI5hwlPZP3qL, 4BWn7qje7L2bGp79bupn3B, 3SUT1jjM5hzZj9TLfLZGIP, 6Kq4PQD93c0TzRuQxFLdoc, 12PSlydMSjEHzSCj9X5qv7, 1sBkRIssrMs1AbVkOJbc7a, 7fObcBw9VM3x7ntWKCYl0z, 3aQeKQSyrW4qWr35idm0cy, 5aAcEtfpPdY9D1s6PLGt9r, 6WcwTUgfkxegW5KXrpPx46, 1mKz1znhUcO9yz6Xs0Yqj6, 7aBzpmFXB4WWpPl2F7RjBe, 7hJcb9fa4alzcOq3EaNPoG, 4yBK75WVCQXej1p04GWqxH, 5quv5QEyL2XAloebaau69m, 2x8KDZdSONA3872CnhaAlX, 2Q13jBmo9llBTWdgnZMzyS, 5P2rwRBgIN450RaJxdjYdA, 55Aa2cqylxrFIXC767Z865
0nmQIMXWTXfhgOBdNzhGOs	42Wl7GLDaY4vAQrbttojF5
4YRxDV8wJFPHPTeXepOstw	5T2I75UlGBcWd5nVyfmL13, 6G2dxtT1uVQuzErBZsw7Ur, 6q29t5RuXxlBuqIZsOMQss, 5HgB3r11CTMckYeopesztP, 6vGNqfcnXTppnXtkbakQCp, 7guD32ltIhsA1tHdf7IVe0, 19LIHDDSHBD5NyYHI3gpzB, 1tspa3CEV2XqEDsgehaNBz, 5r2baeTwcCJnuIsDIlxUJo, 5cBFMoMgcAt03YL2r0tS25, 4kasDFSEK3OypP6vspQxjS, 2gXOOKY8mmJG6iwHrTq9gp, 0FJz7XR37hH69traaHLijA, 4cAERazLlAzVGA10ORWaUP, 4GEyPR3J4DYvuTRuPJQ0CW, 4ojkMVHjuDZgDXSJy5qs2h, 3eDT9fwXKuHWFvgZaaYC5v, 0AWYFpUfZxzxKUgN5k0GrQ, 0NL5y5XDX80Yljh9ix8ojz, 0m3D4grap8VFSzbJMqgNVk, 5kPOMQZvgkAEnRZqwn9SYQ, 2lg5UYHtYl7JfN8JAeiZDD, 6b5kwFBe41mq23toMKT7uD, 19MVxKZZdPj2X0F8pi0OCT, 0e7Xsukwik0zDaqCcSvJTg, 1cfG7UM0OD4O1II1nd15Qo, 1dVygo6tRFXC8CSWURQJq2, 76Z6SMQPibr8qI24AhdvbJ, 7HCqGPJcQTyGJ2yqntbuyr, 4bOqW6xGi7n9315ErmJ2Um, 7IVzXMMN7fFi7PXxPhXcAB, 1Pn6pKlgzxcH6iIRp08dQr, 2FPwX3Gh0w4Qr1v3zSTtcT, 4aL6PYF766njiW0WELvEzj, 7BcWKKmwvuroPq4DkC1fxN, 1por5kXIv8KZA4WsyNUGEj, 52XgeWw24o4klNdfwvB0Vx, 1Jt7JB3WIWaANzwHoybsVn, 5cB4d4jPYjMT326sjihQ4m, 00sCATpEvwH48ays7PlQFU, 6ohaQzKaXrobAL8paLSaxq, 1KIKn2xA1mgC7uJTcS1hEU, 3jbijAHhOiLMrkdusvmNwA, 5UJ2sHO2ELrgW6aXeRLTQQ, 6SzYh3jdZpJxGulYuWlFb5, 0y59o4v8uw5crbN9M3JiL1, 5mPcXUcwGFVBPnGU63jZaw, 4OFVqZNj0INA51VvzK3Lgw, 5MDvAeupq312AkEWTGblZf, 3UpmjPgIFSGqnxXuiwD014, 1mBydYMVBECdDmMfE2sEUO, 2dnnS3sjCk9OHns6kAYI19, 3quVbB0VVwzGIU1FRBWpX0, 4XJbBF8I2RxG9RNWTdYyon, 4q7O0NIvhz0G1IgyfOmdcz, 2pGRniGOJSOvYoK3dGaBb8, 2UwDJeoMqYers5Jmm75zm2, 1Xoow41U5fn5DwlMlYt7Gw, 3qdu3XhzSzkRhbwdFKnSuw, 61if35zz1W11GejEkxTLEQ, 6WUmSdK54UdDxfhPJmbmaJ, 5PRw7B1MlnXte2taK1ePlC, 4E5oyNFcB3uXLkLdjYmP9Z, 3GBSge8pq7mpezUQl0GAOA, 6hD51uyW40XNAYtUbQYytV, 0yRC5n90spXG0d3aiDQ0vB, 77FVRdtArPbwxygmW5dTsa, 5goNlHuuRk93uDY86KcLET, 465OXuCU8YZNmVG1leLwQ9, 0L5GV6LN8SWWUWIdBbTLTZ, 70B80Lwx2sxti0M1Ng9e8K, 39fT56OHEL2E98zDKrqBsC, 3ZxZ03fj3tXBZHZWzvaLSM, 0HIpVOzrDwqiI5wP56soMK, 3gBKY0y3dFFVRqicLnVZYz, 3yMmYEklQ7gLOZXEFNd3xr, 6uskWv5K2FA0YOAYr7JOUz, 6QtJ6BVdj43aDpgjnVp2tY, 7qATomOqJzoJiuEpAaxOXd, 09UmIX92EUH9hAK4bxvHx6, 3xU8YsNNkmWSPewlB18NUz, 12CpR4SNDzVIlDoPSeNFeW, 5UdFr0GeO7jKIaNIJgwB36, 1mYsTxnqsietFxj1OgoGbG, 3QSkMsj71gq33qVAGpXNp8, 6Mv8GjQa7LKUGCAqa9qqdb, 4iW4xSfMEIvrXM0Iu3aFDY, 1bTROl5p3rGTpvKeWnGgrw, 0E02VcvA5p1ndkLdqWD5JB, 0sSxphmGskGCKlwB9xa6WU, 5Y9YGMxRoQYfJFj4kJ9TVv, 39AzrdG8LxPfPzS6DtFD8Q, 4f7KfxeHq9BiylGmyXepGt, 4YgUVg4p7xtMOrOS4GjiJZ, 2kkQthS9OLpK4UqNWYqoVl, 3m49WVMU4zCkaVEKb8kFW7, 3vJxJcGRIPwNnWnZwO4vmq, 279ZItWl3nzCaO4SJJdzAN, 4mBxoO0pAcMbAwuTcrcLMc, 6iv4lysB1yHXoZJ2gfqTdh, 4fEkbug6kZzzJ8eYX6Kbbp, 3GdSQUH1BRtl9UrrtuwJlP, 5DNHuR9u8DFVasxQZgREO5, 1SJOL9HJ08YOn92lFcYf8a, 0oOet2f43PA68X5RxKobEy, 1tqysapcCh1lWEAc9dIFpa, 4dTwJ84ivqIRkRI5qKB9vB, 6CXEwIaXYfVJ84biCxqc9k, 2zvJLk0gTH7r7A5Q6X5Bq8, 1wRPtKGflJrBx9BmLsSwlU, 2DwWEmeVaWxwkjbnyPlNZT, 1TbRSunWGZ46mqnapcWxrm, 1cWzyBPa1R7sKifsDKhkz4, 4kq8z3vydHjPDggxb16ErB, 2fMqTqiTxUDlmcOEPaQSsx, 5FcKHLt98NrXq359cUgS7y, 3Bku4b0uiR8KJSXu7U8Iyy, 0UOBNlMCBU4AQaz6vYznqn, 6heI6ZhiZ6oBbiDqEnbKUl, 5GnnSrwNCGyfAU4zuIytiS, 4oVMLzAqW6qhRpZWt8fNw4, 37dW5exIcXrrHEMmiItJas, 23tDn4nvBiCQroeeCwwCWT, 3OLGltG8UPIea8sA4w0yg0, 1sVmXkzX2ukc6QvasrDBES, 3BgdtJXnzcGLt7DSKe6Qmr, 0OSqDQIDdfyTATDv8nPV8F, 3dN9MQpjIyNxyeRfz4EDZe, 61JrslREXq98hurYL2hYoc, 5wJ1H6ud777odtZl5gG507, 1dqPqXbxxYtCtLbKeAN2Ss, 71hjb5G92mGoKRSAW3Cj00, 25yRkdjW9bHSoEQhHMAsT8, 5wQDQFm7Ku8WWGi5xqJ9lp, 3tPQOjkxO3mrYrrgkTeXgH, 5ZVycSnntFQRyXFpO6TdsU, 7mk1KLccheXqShr5yeTl0W, 4JRM0sLSiENeujEuNW4ePa
68KmkJeZGfwe1OUaivBa2L	0FnUIVrcXuabu4ec2Wu1tG
3jK9MiCrA42lLAdMGUZpwa	5B08rGb3FZKEEhNdsyQV8T, 6l3HvQ5sa6mXTsMTB19rO5, 5Rh6PMrlYoyU5xhR36YAfX, 6jpOOrGFSWdHx6leHfU54n, 0ONHkAv9pCAFxb0zJwDNTy, 1P5kWHAMCjtV6SzDTq1ijy, 6PEMFpe3PTOksdV4ZXUpbE, 3ZotbHeyVQKxQCPDJuQ4SU, 6NL31G53xThQXkFs7lDpL5, 0uNEy4544VZq2KOl7BsLuo, 05oH07COxkXKIMt6mIPRee, 0lEssBAxQl2In4RpaB1C2Y, 0NbfKEOTQCcwd6o7wSDOHI, 1Oa0bMld0A3u5OTYfMzp5h, 3QTDHixorJelOLxoxcjqGx, 6PvvGcCY2XtUcSRld1Wilr, 7gSjFKpVmDgC2MMsnN8CYq, 6sqZoZxe9BQwk7Zxh6STfF, 6DPYiyq5kWVQS4RGwxzPC7, 3A5tHz1SfngyOZM2gItYKu, 0h9smro0z3HqUbD94jotU8, 3Y7RZ31TRPVadSFVy1o8os, 0du5cEVh5yTK9QJze8zA0C, 57SI9O6izEzHGTpvJ6auv8, 6CxZzQFUTM6AzgluGwtq5w, 5IcR3N7QB1j6KBL8eImZ8m, 1eNO1DUCOtZgCzlwtjtb1t, 2YZyLoL8N0Wb9xBt1NhZWg, 5K0rbdBrs2tNXe5LeWMATT, 74V3dE1a51skRkdII8y2C6, 07d5etnpjriczFBB8pxmRe, 17Zu03OgBVxgLxWmRUyNOJ, 7hJcb9fa4alzcOq3EaNPoG, 504DdVupqJJUEkzmHzJEfs, 7cIx4IDh0zLqXBxuNSqFNq, 4frXpPxQQZwbCu3eTGnZEw, 78OK71F2nNKI5nNw4BycWm
0p4nmQO2msCgU4IF37Wi3j	0FOYGJujASE1pCw5WNHf0g, 7hEDdJUgflzNOt4ow0OnuC, 6TIYQ3jFPwQSRmorSezPxX, 15wlmlNEnCUlTEgeShnDO7, 7fJYw1vK9yWb8o51I8qHin, 2cFrymmkijnjDg9SS92EPM, 6Ad91Jof8Niiw0lGLLi3NW, 5qK5bOC6wLtuLhG5KvU17c, 3IoIRHbV0weqdZmN6ewOtH, 0hCNtLu0JehylgoiP8L4Gh, 2lqwJq9YvuK2QitwKxmZ2B, 2VYQTNDsvvKN9wmU5W7xpj
6Q192DXotxtaysaqNPy5yR	25BDbmKqLYhmV4VaHs3X8O, 20qISvAhX20dpIbOOzGK3q, 6eLbRJP12OhyvUv4ntto4e, 2lolQgalUvZDfp5vvVtTYV, 7wDfZhaCORLgP3K62R3MJK, 0rlS0SzVFk8BoiAW0fGBbN, 4WTa1d6giS2E4xqpCFawje, 7Lf3LOZp3U3u2f6cWMd3AH, 6vBEH6ztLks6Wa9CbTHrgI, 0zekQep7qKANc50WkNbqvP, 63kk57Qv6RKxr3CO4KSaLZ
4aKWmkWAKviFlyvHYPTNQY	4mYY0UqYdvgdz60psupYBR
4NiJW4q9ichVqL1aUsgGAN	
4SsVbpTthjScTS7U2hmr1X	4QrBoWLm2WNlPdbFhmlaUZ, 1uy3w1dRiwRTYHiOOzZ5EE, 76whng5pl9msPkkjFUtWYn, 38epWdyauFwdRkldqUMfWE, 3E6xrwgnVfYCrCs0ePERDz, 4Tw0VaV1ENei24iQnktjXj, 00XhexlJEXQstHimpZN910, 0KPX4Ucy9dk82uj4GpKesn, 3GPTvhZ8XfH7WkHXidvELk, 1r4hJ1h58CWwUQe3MxPuau, 2p4aN0Uxkk3iT3HK0cJ2cJ, 329e4yvIujISKGKz1BZZbO, 2oQX8QiMXOyuqbcZEFsZfm, 6w9ToX5slZ4uIdmD17hJ3c, 5lwmRuXgjX8xIwlnauTZIP, 1SupJlEpv7RS2tPNRaHViT, 6K33IlAAM2crUmPtnc4j6H, 4o0NtnL2m0lzZmEdRas1qv, 2qbEtwBVyobgpNP5KcHE9J, 6P6GTRTigHBp8ZesNtpCKH, 0odliLZMTk45CEVzF3Zocl, 4aSlfXDn9R60UlbZEboBUy, 2LRoIwlKmHjgvigdNGBHNo, 6xLvSuN3p2uD8IorXxYmHg, 4IMAo2UQchVFyPH24PAjUs, 1wZtkThiXbVNtj6hee6dz9, 4DYFVNKZ1uixa6SQTvzQwJ, 2RON3ZWvFVAHpiJA74KNHj, 4dhKkIzf9LXogFL1NXfQc1, 1pQWsZQehhS4wavwh7Fnxd, 52iwsT98xCoGgiGntTiR7K, 39FKVjqhZLz4E1iG77d5AO, 1bAftSH8umNcGZ0uyV7LMg, 6AMa1VFQ7qCi61tCRtVWXe, 68Yelg8HOZqYn4EjOnXsZy, 6nVcHLIgY5pE2YCl8ubca1, 21451j1KhjAiaYKflxBjr1, 716NhGYqD1jl2wI1Qkgq36, 02uL9GicfGlL4E427NFGDm, 12vb80Km0Ew53ABfJOepVz, 33ScadVnbm2X8kkUqOkC6Z, 00me4Ke1LsvMxt5kydlMyU, 7BOLXRhKCofrP6ESS7Owuo, 12GqGscKJx3aE4t07u7eVZ, 1i8SpTcr7yvPOmcqrbnVXY, 3fZk3Gm5dN5v5yfYMQ04Bx, 7cYik4OyfBXYV5Z2TI7p90, 16Juw2gfa9IxEL3Vu69cH7, 1vyhD5VmyZ7KMfW5gqLgo5, 1GKIlPFdcewHtpDVCQ8zmJ, 16yTBMwXmeW9MQgfcHZgA7, 1fux65HMCBvfJHqlBc4Nno, 5XJDexmWFLWOkjOEjOVX3e, 3qsKSpcV3ncke3hw52JSMB, 5rlwbF5flU2JCmAzV5Obu0, 3NpG6SsHaQETkdQVZH6V1E, 2jku7tDXc6XoB6MO2hFuqg, 2OHKEe204spO7G7NcbeO2o, 4q3ewBCX7sLwd24euuV69X, 2QUvtLq6oQaX0LNsYY2fas, 64aJYyrXljOodnUG6jvhRD, 1TtXnWcUs0FCkaZDPGYHdf, 4CksTDKT5UHEUxHEEu6sBH, 1mcTU81TzQhprhouKaTkpq, 0tmwSHipWxN12fsoLcFU3B, 7qYeIN2r4H1kBvr0Gm9Iav, 65jIUih0ZeTUJhSTRuYxpi, 5hdhHgpxyniooUiQVaPxQ0, 3Wb38LDP3N4tkobValgE9D, 4VMYDCV2IEDYJArk749S6m, 7iK8PXO48WeuP03g8YR51W, 3EiLUeyEcA6fbRPSHkG5kb, 77ziqFxp5gaInVrF2lj4ht, 2DspEsT7UXGKd2VaaedgG4, 5sZKwZcGSzyVnO1P62PdCq, 14zUHaJZo1mnYtn6IBRaRP, 5lFhCi03HDneWzvCxGctrT, 1pf0MPKfKdvS8J779mS1Ay, 6XkjpgcEsYab502Vr1bBeW, 2cPqdH7XMvwaBJEVjheH8g, 7lCRuW6BSXGAsxuQV9lR0i, 6XFITTl7cFTdopDY3lUdlY
6YVMFz59CuY7ngCxTxjpxE	
3DiDSECUqqY1AuBP8qtaIa	6TQj5BFPooTa08A7pk8AQ1, 4lPl9gqgox3JDiaJ1yklKh, 27uDKIDXTOdMpThtTRbhdQ, 1zNqQNIdeOUZHb8zbZRFMX, 1A9o3Ljt67pFZ89YtPPL5X, 0ONHkAv9pCAFxb0zJwDNTy, 6vWDO969PvNqNYHIOW5v0m, 3rIXaFZEmvRxMDdxvkg5g2, 0CRbBSZqPI9g9oNTSYNjCO, 0hCNtLu0JehylgoiP8L4Gh, 3f6n3RzZESaZnpoKit0Sk5, 0f2YkMXwFNJNSX7MymevKE, 0sBeQc6bmrPBEIrlovSjGM, 6LuN9FCkKOj5PcnpouEgny, 3gGBjO6ke4rl7eFJ2XFpFg, 6h94vIxQQmEQL26ver8Vt8, 2wWBoQpcybsDVpouFubTqZ, 0Mz5XE0kb1GBnbLQm2VbcO, 4m5oqtevZqy0Mqkp5gY1UN, 3tlXnStJ1fFhdScmQeLpuG, 5Xzm3ggNexDSCMhS7ndmfY, 3QTDHixorJelOLxoxcjqGx, 4bYPcJP5jwMhSivRcqie2n, 1LzWWI9v4UKdbBgz8fqi15, 5Vuvs6Py2JRU7WiFDVsI7J, 47qrZJjX1iODSVzRUEbP2o, 0yWaaL6vXvg8aBjH0FUwvg, 6H15BPPirNbkSlq7nT4W3j, 4qSdssMhzi6SOYYzwCPavp, 302jOsgU7aZW71XhLem57k, 0YjUXIuubffRMoxE6jvosS, 1HWJoW0XfznpegdxFQXXPQ, 2WoVwexZuODvclzULjPQtm, 13ubrt8QOOCPljQ2FL1Kca, 2GHclqNVjqGuiE5mA7BEoc, 6w3SkAHYPsQ1bxV7VDlG5y, 3cAisWS37sGCCtRgWfvrod, 0hEurMDQu99nJRq8pTxO14, 3QJzdZJYIAcoET1GcfpNGi, 4FZ3j1oH43e7cukCALsCwf, 3zgnrYIltMkgeejmvMCnes, 6wMr4zKPrrR0UVz08WtUWc, 4Cvyb2Lo75CNW59MViL2o0, 7vWlb4pM85jCHvV771qZZW, 1UZgOd2KYLgCnC46IZcqvt, 1NXB1rKIa8PVuBFeDJdm7T, 0lnm8ajEZUtfdBN07KPn5b, 2AOt5htsbtyaHd5Eq3kl3j, 2sG4zTOLvjKG1PSoOyf5Ej, 0WKE9qW24BLzrWTsdHOfey, 360IAlyVv4PCEVjgyMZrxK, 6AVLthptCPhfrxlHadOBJD, 55Aa2cqylxrFIXC767Z865
50co4Is1HCEo8bhOyUWKpn	1xr2G8Hlx4QWmT9HaUbmoO, 0c173mlxpT3dSFRgMO8XPh, 2WInxWtfee6mRhUQUmIRAH, 2WG4EtxyAlsmomcds5YhYZ, 4uKEP0JYfpFtngWlgViewd, 0V2GQkZJjZOKTZTfss9CsD, 6AMd49uBDJfhf30Ak2QR5s, 5OecgEmtfWSu9lHS62mdcP, 5G0rFFvPHNS5lZ7abaxNXT, 3uJx5SnOM59Li7lCxA3b29, 6Z99p0M73gzZSHQ1FlonCi, 0dvFTsuG02c4cRbcSQ8zE6, 4r63FhuTkUYltbVAg5TQnk, 6LXRvV2OAtXF7685fzh3mj, 4IzkuUevCR7evTUwixiu25, 0wVlws1JGleYZSVRWjj9B7, 4YURkxOtE9WWvMcYrmsVRg, 2geq4dg1rd8HuDCMHgOt4h, 13y7CgLHjMVRMDqxdx0Xdo, 5cj0lLjcoR7YOSnhnX0Po5, 23mJPosA4Qmp8kc6IlWalb, 5aAcEtfpPdY9D1s6PLGt9r, 0XzgLGuOJwBrRSmkDDn4RA, 7aBzpmFXB4WWpPl2F7RjBe, 0VRj0yCOv2FXJNP47XQnx5, 7wOvun0Uru1MWTMlqbnbrA, 0xTcxl35DKXUeYRWqY10w6, 1cNDP5yjU5vjeR8qMf4grg, 687EC8vm3Vlddg5jFZNq6J, 3TVXtAsR1Inumwj472S9r4, 0fA0VVWsXO9YnASrzqfmYu, 7rkW85dBwwrJtlHRDkJDAC, 3eSQPLy8hktGQTGSVB51lD, 2hlmm7s2ICUX0LVIhVFlZQ, 4GTxpeMWEksd7Gu0jedUVZ, 13ubrt8QOOCPljQ2FL1Kca, 4ke9HXbejpYVMhbOjSa4le, 2RDOrhPqAM4jzTRCEb19qX, 4bLuMvzrTBLhFn95OBHi08, 2z1ZZSBRCNYjOZmUcA3rSQ, 6AMa1VFQ7qCi61tCRtVWXe, 6RY7kT6PGGzAA3TG3s4Qmp, 7DBeFeXHrHygx9GcJueqzB, 35sCXuy5gN6Or69rZ9vqBs, 06Qf6vq8AVIpE9XIw8LAsY, 3j7jqA6401OHzn05Y6uIS6, 1URnnhqYAYcrqrcwql10ft, 4k504xMp2InbnaJP0qyFX0, 3crnzLy8R4lVwaigKEOz7V, 246dkjvS1zLTtiykXe5h60, 4gsjy6JDQ2roLJOKtAYurY, 20sxb77xiYeusSH8cVdatc, 13lxs5lLGCBMyGLfmtfLEK, 4DdkRBBYG6Yk9Ka8tdJ9BW, 4LLpKhyESsyAXpc4laK94U, 3CiKlW36NghGkT6fc4ojVI, 6z7xFFHxYkE9t8bwIF0Bvg, 1yYANOwk0iC4kTyJCpHvYz, 7gjbBSAraXRXxOTAkmWWQn, 4MCBfE4596Uoi2O4DtmEMz, 4OBJLual30L7gRl5UkeRcT, 5phOCTS0ZqbZGVXdpG6rLu, 1bqJuNMz1iBqWo9B0BdIiM, 4sb7rZNN93BSS6Gqgepo4v, 7bXgB6jMjp9ATFy66eO08Z, 6tZAIz71L37A8EBBVxn1fi, 6TIYQ3jFPwQSRmorSezPxX, 6l3HvQ5sa6mXTsMTB19rO5, 4vbX3rVEczKzPwOqh3wrC9, 2f6hqWBFjqS1EUHMS1JOFB, 3KNIG74xSTc3dj0TRy7pGX, 14qypx78D3Jd1mm7c2BqQb, 1qUjOF5fzrpoNycD36b2jZ, 0hCNtLu0JehylgoiP8L4Gh, 5f7VJjfbwm532GiveGC0ZK, 3HiuzBlSW7pGDXlSFMhO2g, 6aLoJJxz7MV2iZ423S8tJC, 4Gso3d4CscCijv0lmajZWs, 0Y5tJX1MQlPlqiwlOH1tJY, 4jy060Kq9nOxxlLINTl1fj, 1DcWHZmzu1JT5IYWDDwHDU, 4tMm1dU6Gn04VAZ9ClHcIZ, 4O15NlyKLIASxsJ0PrXPfz, 7J0hrNYCO5DgAx0XaRJqkh, 2OwaA3CIzQG2qIlu4Nc9eP, 2EnD37GNRe2REqHBKqMnZQ, 76pNlASlRWeYGQi8ljWoJa, 1RyvyyTE3xzB2ZywiAwp0i, 2p1fiYHYiXz9qi0JJyxBzN, 3hcs9uc56yIGFCSy9leWe7, 4cmA2QDPdzh8W2ytpyUGes, 5PHYg0IcnpyZJ1y9euAx4i, 7hJcb9fa4alzcOq3EaNPoG, 2Hkr2U742ustoFcSW378ZE
1vCWHaC5f2uS3yhpwWbIA6	1vIuPjtFhqIPE2n9W2ePgO, 7Io0XduXk7aOHFHA7sLru2, 142TY556WknD1ZRV8XilJQ, 2fVW2ix4ANKiofDZIsy1XR, 5baGk14NDI3ZDPbr6wJilc, 53XhwfbYqKCa1cC15pYq2q, 0id62QV2SZZfvBn9xpmuCl, 6SsTlCsuCYleNza6xGwynu, 7hOGhpa8RMSuDOWntGIAJt, 4bL2B6hmLlMWnUEZnorEtG, 1qM7ddO1J0S7eGGnuVmEXn
3a1tBryiczPAZpgoZN9Rzg	4ovtyvs7j1jSmwhkBGHqSr, 2SrSdSvpminqmStGELCSNd, 3wcj11K77LjEY1PkEazffa, 3CDoRporvSjdzTrm99a3gi, 1z7b1Pr1rSlvWRzsW3HOrS, 0Y5tJX1MQlPlqiwlOH1tJY, 3tVQdUvClmAT7URs9V3rsp, 5H4yInM5zmHqpKIoMNAx4r
